Seafloor Age,Distance Along Trench,Trench Absolute Orthogonal,Convergence Orthogonal,Convergence Parallel,decompacted sediment thickness,sediment thickness,ocean crust carbon percent,Label
22.21,4.68,-2.1,6.81,1.23,23.94,1091.5,1.67,1
15.61,4.13,-1.54,4.22,6.67,21.65,1537.31,1.74,1
10.11,3.78,-1.68,12.54,12.19,26.24,1569.5,1.7,1
44.68,13.39,-4.2,9.08,-1.26,7.0,108.64,2.33,1
0.05,0.38,-3.1,-1.98,-3.09,24.04,595.51,0.22,1
0.43,0.4,-2.01,9.56,4.73,23.08,547.68,0.72,1
26.56,11.7,-2.17,13.26,1.02,33.65,264.87,1.97,1
41.99,10.38,-3.21,15.17,5.03,15.67,130.74,2.36,1
36.61,12.35,-3.08,11.14,-0.29,34.97,197.17,2.37,1
62.41,18.18,-3.53,13.21,-2.17,19.92,109.64,2.46,1
43.56,12.17,-1.6,9.37,-0.43,2.59,119.5,2.38,1
50.26,18.18,-1.46,10.02,-2.43,12.99,148.9,2.34,1
36.64,16.44,-2.85,15.67,-0.05,26.05,173.14,2.37,1
35.98,16.64,-2.84,12.65,-1.14,35.05,242.79,2.37,1
51.01,16.64,-1.51,9.39,-1.95,22.9,138.36,2.32,1
42.89,14.38,-1.55,9.49,-0.39,2.59,175.65,2.38,1
79.89,0.29,2.4,5.68,6.64,32.23,166.19,2.78,1
46.76,18.18,-2.66,15.66,-1.7,27.53,178.53,2.4,1
50.48,17.81,-1.48,8.89,-2.97,10.78,133.46,2.31,1
60.72,18.18,-3.54,13.2,-2.19,29.87,110.05,2.43,1
51.31,18.37,-4.05,9.34,0.91,12.64,138.01,2.25,1
52.23,18.37,-4.05,11.48,3.29,18.78,133.6,2.19,1
52.23,18.37,-4.05,11.48,3.29,18.78,133.6,2.19,1
51.2,18.37,-1.4,9.34,0.91,9.66,132.49,2.28,1
50.26,18.18,-1.46,10.02,-2.43,12.99,148.9,2.34,1
51.09,18.18,-1.47,8.9,-2.97,10.78,133.46,2.3,1
51.09,18.18,-1.47,8.9,-2.97,10.78,133.46,2.3,1
52.35,18.37,-4.04,12.63,3.72,41.37,122.92,2.15,1
57.31,18.37,-2.79,13.1,4.06,32.55,127.87,2.38,1
55.85,18.37,-4.02,12.02,2.36,30.68,132.31,2.24,1
19.67,40.49,-1.85,1.73,-5.11,4.76,371.06,1.85,1
55.24,20.07,-4.03,12.89,3.14,15.21,134.23,2.14,1
53.31,18.75,-4.04,12.92,3.15,33.62,132.39,2.11,1
57.13,20.07,-2.77,13.06,3.39,33.22,126.8,2.38,1
1.27,1.39,-2.0,10.3,6.01,16.33,511.69,0.99,1
81.14,4.59,-5.63,14.4,-2.19,105.05,103.34,2.39,1
58.65,20.93,-2.15,12.06,6.01,21.29,126.27,2.41,1
90.08,13.38,-2.27,11.13,0.59,20.62,140.9,2.69,1
14.46,0.09,-2.6,-0.68,-4.35,40.45,803.39,1.56,1
8.32,2.04,-2.56,3.99,-1.09,32.68,692.79,1.43,1
14.55,0.09,-2.42,0.04,-4.49,41.04,857.56,1.56,1
8.61,2.77,-2.55,4.02,-1.09,32.68,692.79,1.44,1
73.95,28.31,-2.87,14.32,-0.49,34.67,117.73,2.51,1
11.08,3.42,-2.32,11.16,2.1,21.63,423.57,1.67,1
25.93,29.98,-2.38,10.54,1.36,11.03,277.62,1.93,1
25.93,29.98,-2.38,10.54,1.36,11.03,277.62,1.93,1
79.09,28.12,-2.81,14.12,-0.87,47.15,114.86,2.15,1
50.84,25.18,-1.87,8.79,0.75,1.26,165.14,2.51,1
35.35,8.28,0.71,4.96,6.87,2.68,191.37,2.39,1
43.73,24.15,-3.49,8.37,1.21,0.0,172.12,2.46,1
87.19,13.79,-3.21,10.83,-0.02,16.54,279.7,2.69,1
87.83,11.63,-2.88,11.84,-4.04,10.62,467.04,2.82,1
63.26,0.06,2.89,1.47,1.23,6.26,167.06,2.56,1
91.89,12.41,0.5,2.33,1.53,12.86,156.68,2.69,1
98.68,24.34,-2.5,7.14,-1.99,17.68,172.71,2.72,1
77.53,30.79,-3.57,9.56,-2.39,47.03,111.92,2.39,1
14.43,13.72,-2.07,5.72,-3.19,35.43,1175.02,1.67,1
43.73,0.28,-2.34,7.52,3.87,0.0,172.12,2.46,1
3.67,41.58,-3.93,11.76,1.86,-0.0,232.54,1.4,1
44.0,2.37,-2.48,7.47,3.87,0.0,172.77,2.46,1
9.29,12.59,-2.01,3.53,-2.63,36.2,1068.36,1.46,1
84.12,17.27,-1.83,2.69,0.06,12.86,156.68,2.67,1
101.27,28.36,-2.94,6.62,-3.62,10.7,172.71,2.73,1
9.46,41.58,-2.8,16.29,-9.11,29.38,1393.07,1.76,1
71.62,54.17,-2.41,13.71,0.38,37.21,931.37,2.57,1
79.25,4.07,1.1,1.71,0.43,7.5,169.33,2.65,1
70.27,42.16,-2.74,11.74,-0.33,19.16,1374.08,2.59,1
46.84,16.94,-9.12,5.77,6.55,1.57,162.52,2.48,1
88.85,46.25,-3.19,17.67,8.13,20.07,160.27,2.68,1
0.45,46.23,-2.27,14.07,-21.07,10.46,290.73,0.89,1
0.73,46.59,-2.26,7.1,-1.73,23.73,284.09,1.03,1
0.73,46.59,-2.26,7.1,-1.73,23.73,284.09,1.03,1
65.05,46.24,-2.93,12.14,-2.13,20.34,1394.37,2.53,1
46.75,6.73,-1.77,6.23,5.52,0.0,172.77,2.49,1
67.0,57.73,-3.38,13.05,-3.08,37.14,911.44,2.58,1
65.75,45.68,-2.93,12.15,-1.76,25.44,1085.55,2.57,1
66.85,45.68,-2.87,13.24,-1.56,33.44,996.51,2.57,1
62.6,2.98,-0.5,9.47,4.2,2.6,163.97,2.57,1
91.66,14.86,-9.1,6.59,5.74,1.46,214.82,1.98,1
35.69,8.33,0.1,5.51,1.96,0.0,165.32,2.51,1
45.38,7.73,-2.25,2.01,1.13,12.44,757.05,2.47,1
45.38,7.93,-2.26,1.98,1.13,12.44,757.05,2.47,1
32.89,8.33,-1.79,6.02,2.58,0.0,167.17,2.37,1
49.13,58.12,-3.06,11.28,-7.79,19.3,360.51,2.32,1
49.13,58.12,-3.06,11.28,-7.79,19.3,360.51,2.32,1
49.13,58.12,-3.06,11.28,-7.79,19.3,360.51,2.32,1
49.13,58.12,-3.06,11.28,-7.79,19.3,360.51,2.32,1
83.96,16.2,-0.91,10.01,1.33,4.28,6584.01,2.8,1
55.04,57.95,-3.75,14.39,0.86,31.65,144.69,2.1,1
51.08,58.12,-3.37,4.75,-6.14,35.41,668.87,2.47,1
47.47,0.89,-1.56,9.83,6.42,16.55,485.38,2.16,1
51.08,0.3,0.8,6.2,4.57,35.41,668.87,2.47,1
40.27,5.6,-0.46,9.55,7.9,19.44,452.84,2.06,1
44.84,8.6,-1.33,5.56,0.2,118.15,1143.36,2.19,1
39.31,10.33,-1.42,5.66,-0.43,104.89,1060.84,2.12,1
13.5,10.79,-1.32,5.66,-0.7,34.64,479.71,1.86,1
13.24,11.17,-1.29,5.57,-0.7,34.64,479.71,1.85,1
45.38,7.73,-2.25,2.01,1.13,12.44,757.05,2.47,1
28.49,2.86,0.62,17.22,1.11,18.87,601.35,2.24,1
5.21,6.02,-1.41,3.89,-2.16,52.01,916.09,1.25,1
6.29,6.42,-2.04,3.21,-2.81,32.68,692.79,1.35,1
46.02,0.7,2.23,4.97,8.48,17.15,899.77,2.36,1
50.26,18.18,-1.46,10.02,-2.43,12.99,148.9,2.34,1
50.26,18.18,-1.46,10.02,-2.43,12.99,148.9,2.34,1
54.18,18.37,-4.03,12.91,3.14,20.38,134.23,2.12,1
52.23,18.37,-4.05,11.48,3.29,18.78,133.6,2.19,1
4.97,0.1,-2.27,9.7,1.51,35.43,492.16,1.29,1
6.84,1.05,-2.34,9.15,0.47,32.34,513.56,1.39,1
8.68,1.49,-2.6,3.98,-1.06,36.21,647.53,1.45,1
8.25,2.22,-2.55,3.99,-1.07,35.7,729.18,1.4,1
45.63,0.28,-2.32,7.52,3.87,0.0,171.95,2.52,1
45.63,0.28,-2.32,7.52,3.87,0.0,171.95,2.52,1
9.22,11.35,-2.02,3.47,-2.65,29.32,1096.44,1.46,1
3.0,46.42,-2.27,15.17,-21.01,2.07,113.7,1.39,1
51.17,58.12,-3.44,6.58,-16.36,20.27,601.35,2.15,1
31.13,6.19,0.84,16.71,1.11,18.87,1470.93,2.28,1
19.1,0.1,-2.29,-0.15,-4.73,44.39,998.72,1.61,1
9.72,4.0,-1.69,10.97,8.35,29.61,1448.4,1.67,1
9.96,11.94,-2.44,12.16,-4.22,28.75,480.04,1.66,1
51.09,18.37,-1.4,9.35,0.91,10.78,133.46,2.3,1
56.24,18.37,-3.03,13.1,4.01,23.53,130.19,2.32,1
6.21,0.09,-2.62,4.07,-0.32,36.2,593.86,1.36,1
86.45,26.25,-3.97,13.34,8.99,76.06,107.03,2.49,1
7.14,6.22,-2.04,3.2,-2.8,34.35,712.09,1.38,1
55.1,6.43,-1.26,10.33,-0.43,1.84,6721.5,2.53,1
47.43,6.73,-1.77,6.23,5.52,0.0,168.52,2.49,1
85.36,12.66,-1.46,9.96,-2.24,4.98,7137.92,2.81,1
44.84,58.12,-3.01,8.11,-12.82,38.46,510.36,2.06,1
0.63,4.65,-2.36,11.44,1.31,17.06,374.2,0.83,1
42.89,14.18,-1.55,9.48,-0.39,2.59,175.65,2.38,1
56.24,18.37,-3.03,13.1,4.01,23.53,130.19,2.32,1
20.91,25.31,-2.04,11.5,4.44,15.98,296.67,1.91,1
74.34,41.01,-4.68,9.64,-9.6,28.12,146.54,2.33,1
43.46,24.15,-4.43,3.18,-0.58,0.0,173.26,2.46,1
96.26,14.16,1.72,2.05,0.96,3.78,177.89,2.71,1
96.26,14.16,1.72,2.05,0.96,3.78,177.89,2.71,1
96.33,14.54,1.73,2.03,0.96,3.78,177.89,2.71,1
3.72,41.56,-0.85,9.82,-0.05,0.04,260.95,1.42,1
94.75,4.2,-2.71,10.58,-0.51,11.15,318.78,2.85,1
65.16,45.86,-2.94,11.45,-1.23,35.71,1311.23,2.49,1
65.26,45.86,-2.9,6.15,2.22,33.18,996.86,2.57,1
49.49,7.33,-2.25,2.06,1.13,82.62,162.02,2.5,1
49.49,7.33,-2.25,2.06,1.13,82.62,162.02,2.5,1
18.62,0.06,-2.27,-0.44,-4.69,48.52,1635.02,1.61,1
7.72,6.35,-2.05,11.84,6.05,20.09,1854.88,1.56,1
11.92,2.79,-1.19,10.15,14.74,28.94,238.61,1.78,1
17.27,10.49,-2.38,16.68,7.69,25.58,391.28,1.91,1
35.36,16.24,-2.84,10.61,-2.07,33.41,246.18,2.34,1
51.31,18.18,-4.19,8.89,-2.96,12.64,138.01,2.25,1
51.31,18.37,-4.05,9.34,0.91,12.64,138.01,2.25,1
48.28,18.18,-2.55,16.09,-1.47,17.61,161.83,2.38,1
9.76,25.83,-2.04,11.81,4.84,16.28,329.77,1.67,1
53.31,18.56,-4.04,12.92,3.15,33.62,132.39,2.11,1
87.62,12.17,-2.85,10.51,-4.11,12.87,422.34,2.8,1
60.13,1.73,-0.5,9.47,4.2,2.61,169.42,2.56,1
25.16,52.68,-0.69,-2.86,-23.61,2.46,738.16,2.06,1
26.52,52.86,-1.58,7.96,-22.4,17.65,738.16,2.11,1
26.52,52.86,-1.58,7.96,-22.4,17.65,738.16,2.11,1
32.41,53.41,-1.17,2.65,-23.58,17.65,738.16,2.3,1
56.05,19.69,-3.0,13.11,4.01,23.53,130.19,2.32,1
50.26,17.62,-1.48,10.0,-2.43,12.99,140.47,2.34,1
58.65,21.45,-2.01,11.78,6.56,21.29,126.27,2.41,1
74.34,41.58,-2.34,13.57,-0.1,28.12,146.54,2.33,1
54.46,19.11,-9.04,6.88,5.5,5.77,214.82,2.53,1
0.04,45.86,-2.27,7.21,-1.8,69.78,284.09,0.22,1
34.74,8.33,-1.86,6.18,5.52,0.0,167.49,2.39,1
48.83,0.1,2.21,5.08,8.48,24.22,899.77,2.4,1
52.35,18.18,-4.19,13.05,-1.74,41.37,122.92,2.15,1
50.41,18.18,-1.47,9.2,-2.93,22.9,138.36,2.33,1
57.68,18.75,-2.78,13.03,3.39,33.22,126.8,2.39,1
55.85,18.56,-4.02,12.02,2.36,30.68,132.31,2.24,1
25.62,25.24,-2.03,11.18,4.27,19.46,266.51,1.93,1
21.06,25.96,-2.03,11.54,4.55,16.32,320.76,1.94,1
43.08,7.54,-1.39,11.74,4.02,20.7,494.27,2.05,1
33.53,7.54,-0.43,15.86,-4.67,18.87,1470.93,2.28,1
5.69,17.05,-2.35,12.52,2.32,22.06,460.34,1.48,1
4.1,0.08,-2.01,9.6,4.73,23.08,547.68,1.28,1
11.92,38.93,-3.32,9.75,-7.67,0.01,212.64,1.8,1
11.33,39.11,-0.76,6.72,-6.84,0.36,252.13,1.68,1
9.31,46.42,-2.12,15.02,-19.45,1.09,461.56,1.65,1
0.73,46.42,-2.25,7.11,-1.8,69.78,284.09,1.03,1
50.19,0.1,2.23,5.16,8.48,23.58,924.2,2.43,1
39.85,0.1,2.12,7.33,9.42,17.92,996.51,2.26,1
28.12,5.63,-1.27,9.09,7.31,21.35,1142.26,2.29,1
40.61,5.45,-0.04,8.73,4.03,20.29,1349.43,2.35,1
57.54,52.68,-0.34,2.4,-9.35,20.35,498.0,2.21,1
13.4,52.68,-0.7,-4.84,-24.13,10.46,290.73,1.75,1
46.73,1.69,-0.09,6.6,6.87,20.35,1355.83,2.38,1
27.46,1.68,-1.87,23.45,2.26,16.3,290.73,2.06,1
45.95,2.48,-0.06,6.57,6.87,20.35,1355.83,2.38,1
28.78,2.27,-1.85,23.2,2.26,16.3,290.73,2.09,1
45.21,2.68,-0.05,6.56,6.87,20.35,1355.83,2.39,1
30.08,2.67,-1.83,23.03,2.26,16.3,290.73,2.13,1
45.83,3.28,-0.03,6.54,6.87,20.35,1355.83,2.38,1
31.02,3.06,-1.82,22.86,2.26,16.3,290.73,2.18,1
45.83,2.88,-0.04,6.56,6.87,20.35,1355.83,2.38,1
31.37,2.86,-1.83,22.95,2.26,16.3,290.73,2.19,1
44.03,4.67,-0.06,8.35,4.42,20.35,1355.83,2.38,1
48.77,4.25,-1.77,22.35,2.26,16.3,290.73,2.42,1
48.28,18.37,-2.95,15.31,5.21,17.61,161.83,2.38,1
37.08,18.18,-2.65,10.19,-3.09,25.28,262.32,2.35,1
57.31,18.37,-2.79,13.1,4.06,32.55,127.87,2.38,1
55.12,18.37,-4.03,12.03,2.38,28.86,135.39,2.17,1
51.31,18.37,-4.05,9.34,0.91,12.64,138.01,2.25,1
43.88,0.09,-2.32,7.52,3.87,0.0,173.33,2.46,1
46.17,0.09,-3.05,3.17,0.48,-0.0,166.73,2.48,1
48.46,0.28,-3.13,3.15,0.48,39.18,160.08,2.49,1
92.72,12.92,0.46,1.42,0.14,10.87,160.37,2.7,1
104.65,49.84,-3.63,6.83,-3.82,12.88,162.44,2.74,1
101.48,50.92,-3.35,13.94,-4.91,14.68,162.99,2.73,1
93.38,15.86,3.44,0.84,1.01,10.87,159.58,2.7,1
104.68,53.87,-3.76,5.35,-5.67,12.88,161.07,2.74,1
101.32,54.94,-3.45,11.98,-8.88,21.66,160.75,2.73,1
72.42,38.73,-3.38,5.28,-9.95,20.73,1394.37,2.63,1
3.04,38.73,-3.32,2.6,-15.12,17.57,1307.62,1.73,1
0.95,38.73,-4.62,1.03,-18.73,-0.0,1345.89,1.03,1
72.42,38.93,-3.56,7.49,-8.44,20.73,1394.37,2.63,1
3.04,38.93,-3.52,6.06,-14.09,17.57,1307.62,1.73,1
0.95,38.93,-4.6,5.36,-17.97,-0.0,1345.89,1.03,1
72.42,38.93,-3.56,7.49,-8.44,20.73,1394.37,2.63,1
3.04,38.93,-3.52,6.06,-14.09,17.57,1307.62,1.73,1
0.95,38.93,-4.6,5.36,-17.97,-0.0,1345.89,1.03,1
2.64,37.95,-3.39,5.14,-9.95,20.73,1394.37,1.42,1
3.99,37.75,-3.34,2.58,-15.12,17.57,1307.62,1.47,1
3.02,37.75,-4.66,1.09,-18.73,-0.0,199.92,1.35,1
44.86,0.28,-2.34,7.52,3.87,0.0,168.52,2.47,1
46.81,0.28,-3.07,3.15,0.48,1.23,165.4,2.48,1
49.06,0.28,-3.14,3.15,0.48,2.92,160.91,2.5,1
56.15,18.18,-4.47,13.61,-1.64,32.95,129.42,2.35,1
54.18,18.18,-4.19,13.07,-2.38,20.38,134.23,2.12,1
51.2,18.18,-1.47,8.9,-2.96,9.66,132.49,2.28,1
35.98,2.37,-2.27,5.74,1.25,0.0,168.49,2.43,1
36.49,2.18,-2.27,5.71,1.25,0.0,170.12,2.4,1
47.92,2.37,-2.48,7.47,3.87,0.0,171.75,2.56,1
30.92,8.33,-1.8,6.02,2.58,0.0,167.51,2.35,1
60.68,8.33,-1.87,6.18,5.52,0.0,167.21,2.53,1
43.58,8.13,-1.87,6.19,5.52,0.0,172.12,2.46,1
45.38,8.13,-2.27,1.96,1.13,12.44,757.05,2.47,1
88.47,27.56,-2.62,16.54,3.74,100.42,82.92,2.68,1
94.43,29.26,-2.82,13.98,9.53,52.03,96.88,2.7,1
90.1,29.26,-4.02,13.67,8.47,44.89,99.24,2.66,1
84.57,29.26,-3.99,13.7,8.46,76.06,107.03,2.48,1
91.25,27.37,-2.62,16.52,3.74,100.42,82.92,2.69,1
94.43,29.26,-2.82,13.98,9.53,52.03,96.88,2.7,1
90.1,29.26,-4.02,13.67,8.47,44.89,99.24,2.66,1
84.57,29.26,-3.99,13.7,8.46,76.06,107.03,2.48,1
85.89,28.52,-3.34,17.03,-0.59,100.42,87.95,2.67,1
95.37,30.21,-4.05,16.0,5.66,52.03,96.88,2.71,1
88.69,30.21,-5.01,15.38,4.73,44.89,99.24,2.63,1
83.08,30.21,-4.96,15.4,4.7,25.04,107.03,2.48,1
45.64,16.79,-9.12,5.76,6.57,1.4,162.34,2.47,1
53.74,6.43,-1.26,10.33,-0.43,1.87,6407.19,2.52,1
66.85,6.62,-1.26,10.33,-0.45,2.15,7145.63,2.59,1
83.58,7.64,-1.42,9.16,-6.97,2.81,8462.35,2.7,1
94.32,8.34,-1.59,9.1,-3.69,3.67,162.38,2.84,1
52.33,16.04,-4.21,13.13,-0.36,41.37,122.92,2.15,1
51.01,16.04,-1.53,9.37,-1.95,22.9,138.36,2.32,1
35.98,16.04,-2.85,12.66,-1.14,35.05,242.79,2.37,1
24.17,16.34,-2.36,9.43,-2.81,13.66,262.91,1.91,1
11.72,17.03,-2.24,9.07,-2.6,19.36,272.57,1.79,1
78.37,7.57,-2.56,11.28,-1.05,25.77,116.45,2.46,0
55.33,44.91,-1.37,3.51,-0.97,1.77,107.77,2.03,0
82.94,0.1,-3.54,11.81,-3.54,41.05,145.61,2.7,0
91.16,18.94,-3.5,11.48,10.95,56.19,83.32,2.69,0
1.35,0.23,-2.84,-1.5,-3.46,21.46,576.36,1.0,0
66.18,23.54,-3.09,8.52,0.6,39.41,206.88,2.7,0
82.2,27.04,-1.45,6.09,-8.6,37.78,114.54,2.66,0
81.3,12.17,-2.36,10.27,2.51,95.5,97.01,2.44,0
90.33,18.18,-5.39,14.98,5.31,84.32,76.82,2.65,0
82.06,12.17,-2.31,10.26,2.5,93.1,95.27,2.48,0
59.32,1.45,0.52,7.35,5.65,27.21,220.67,2.57,0
86.62,18.18,-5.59,12.78,-4.32,110.81,106.82,2.49,0
85.28,1.19,-1.82,8.9,4.4,20.77,112.51,2.67,0
83.6,0.29,-3.53,11.82,-3.54,41.05,145.61,2.72,0
84.41,1.39,-1.85,8.89,4.53,19.44,106.03,2.67,0
93.45,10.31,-1.61,5.49,-2.28,0.71,67.86,2.7,0
92.66,2.37,1.63,2.3,1.03,-1.3,62.84,2.7,0
50.69,0.1,1.22,5.0,6.71,28.39,203.13,2.6,0
82.46,0.48,-0.85,9.19,1.99,41.55,156.47,2.79,0
90.9,18.18,-5.39,14.88,5.36,35.73,73.95,2.69,0
75.49,18.37,-1.99,14.21,1.99,49.77,106.78,2.32,0
85.98,4.54,-2.45,10.94,1.19,16.21,141.4,2.67,0
82.48,18.37,-1.85,13.57,3.69,51.82,110.85,2.28,0
95.43,16.3,-1.86,10.67,-1.69,46.91,61.49,2.71,0
92.63,3.36,1.66,2.27,1.03,-1.3,62.84,2.7,0
91.59,16.91,-3.44,16.89,1.09,55.29,64.71,2.69,0
77.11,0.1,1.02,1.3,2.54,0.41,97.8,0.77,0
49.1,2.41,0.57,7.06,5.26,6.7,142.72,2.5,0
94.82,14.31,-1.71,6.03,-1.36,16.84,173.83,2.7,0
73.35,39.87,-4.65,6.68,-6.18,31.71,156.76,2.2,0
85.03,6.11,-1.44,8.78,4.47,16.75,121.01,2.67,0
87.11,4.54,-2.44,10.94,1.13,23.72,123.84,2.68,0
91.92,18.4,-0.89,11.58,7.19,48.98,57.25,2.69,0
89.16,9.65,-2.23,11.02,1.48,20.77,139.48,2.69,0
82.12,4.53,-4.53,1.04,2.08,53.09,92.95,2.66,0
49.92,5.52,0.45,7.62,5.74,27.08,293.88,2.5,0
87.45,13.09,-2.81,10.45,-4.19,13.66,354.89,2.75,0
39.97,8.09,0.72,4.96,6.87,14.25,348.4,2.43,0
84.34,28.31,-4.57,12.27,-1.07,55.54,127.53,2.48,0
41.78,24.58,-1.54,8.09,0.66,18.87,224.75,2.39,0
86.47,11.99,-0.97,9.95,1.52,10.71,960.5,2.81,0
87.75,13.38,-1.07,8.69,4.14,20.0,252.31,2.68,0
65.24,26.81,-2.99,13.53,0.83,9.44,117.47,2.56,0
61.96,11.61,2.55,5.94,6.46,3.07,293.51,2.61,0
31.5,10.24,0.24,5.51,6.46,-0.0,163.35,2.35,0
79.89,28.31,-2.72,13.46,1.13,51.82,114.29,2.17,0
97.8,0.1,0.72,0.21,-1.49,2.3,169.04,2.82,0
82.85,26.43,-2.36,10.24,0.53,42.79,117.04,2.39,0
46.16,11.42,-0.28,4.03,2.35,11.68,160.22,2.48,0
68.22,0.1,1.68,0.21,-1.49,4.17,170.52,2.6,0
95.64,26.84,-2.87,17.32,4.6,90.54,96.23,2.71,0
80.22,28.12,-2.58,9.3,2.19,47.97,113.77,2.47,0
73.68,41.39,-4.67,9.84,-9.49,32.36,880.09,2.48,0
33.38,29.26,-2.35,10.85,1.83,11.7,284.54,1.98,0
32.59,9.47,0.62,4.98,6.87,-0.0,220.81,2.37,0
94.57,14.74,1.08,2.73,-0.17,6.92,167.61,2.7,0
33.43,22.19,-3.04,5.42,-0.59,0.0,159.67,2.4,0
75.2,37.71,-2.92,6.81,-1.77,9.43,170.64,2.63,0
13.31,12.41,-1.98,3.52,-2.56,102.03,1042.36,1.54,0
79.55,0.09,-3.99,0.64,-0.59,2.4,166.99,2.65,0
97.79,0.09,0.74,0.21,-1.49,2.78,172.34,2.77,0
53.4,21.5,-9.0,6.94,5.48,1.25,241.17,2.52,0
95.4,0.09,-2.72,0.64,-0.59,9.16,159.12,2.84,0
100.7,27.69,-2.72,5.56,-3.99,8.75,174.82,2.72,0
1.71,2.18,-1.37,3.87,-2.01,45.91,1566.09,0.82,0
10.47,14.59,-2.27,4.2,-1.36,98.89,985.76,1.48,0
52.27,20.43,-9.02,6.47,6.06,3.18,233.02,2.52,0
14.7,43.55,-1.33,4.24,-2.4,8.18,408.69,1.81,0
20.47,43.04,-1.35,4.52,-2.31,11.47,438.16,1.88,0
2.45,46.45,-1.37,3.69,-8.75,19.45,269.8,1.35,0
31.8,5.14,-1.64,6.28,5.52,0.0,169.09,2.36,0
66.66,46.24,-2.61,8.29,-1.0,34.09,148.13,2.11,0
95.31,9.06,-1.51,9.9,-3.75,4.99,164.42,2.71,0
54.26,18.53,-9.1,5.77,6.63,1.25,241.17,2.53,0
4.24,46.72,-1.36,3.22,-3.09,18.35,356.6,1.52,0
94.66,10.08,-0.83,8.26,0.82,4.21,162.92,2.8,0
48.88,3.04,-0.67,9.83,3.23,1.64,162.77,2.49,0
62.35,45.68,-2.78,11.86,-0.05,29.89,999.5,2.54,0
66.66,45.68,-2.62,8.36,-1.0,34.09,148.13,2.11,0
97.74,3.91,0.77,7.16,3.27,3.37,167.56,2.79,0
59.75,52.68,-4.53,4.95,-5.69,35.55,148.49,2.3,0
77.0,51.14,-4.29,15.18,2.08,30.94,144.82,2.46,0
93.99,11.62,-0.39,7.11,-1.11,4.62,163.3,2.73,0
61.17,50.8,-3.25,7.56,-16.99,24.55,467.52,2.43,0
33.32,8.33,-1.78,6.02,2.58,0.0,166.43,2.39,0
52.99,14.92,-2.02,6.65,2.85,0.0,164.04,2.43,0
50.72,14.72,-2.0,6.63,2.85,0.0,164.06,2.43,0
49.82,58.12,-3.05,11.02,-7.39,31.0,438.27,2.32,0
89.4,17.56,-1.75,9.55,-5.49,7.17,6095.17,2.8,0
89.45,17.42,-1.79,10.88,-5.44,7.14,7467.7,2.83,0
95.01,17.82,-0.97,9.74,2.6,9.04,157.84,2.71,0
29.74,0.1,-1.08,3.71,0.03,98.89,984.76,1.99,0
93.62,18.41,2.14,5.39,5.08,8.76,5679.55,2.78,0
75.57,18.49,-0.95,5.86,4.71,0.0,162.69,0.95,0
34.16,2.01,-1.02,3.91,0.01,102.03,1009.9,2.07,0
94.38,23.12,1.17,1.0,-2.21,10.16,159.56,2.7,0
47.81,8.69,0.07,7.44,12.28,32.61,640.44,2.07,0
37.4,10.98,-1.8,23.14,3.42,34.27,985.24,2.02,0
182.94,9.77,-7.17,11.21,-1.52,19.58,147.23,1.09,0
87.9,10.34,0.14,1.51,0.06,10.58,160.13,2.68,0
36.34,2.67,1.11,7.18,6.63,32.58,983.62,2.26,0
89.09,16.71,-0.48,7.19,-8.6,10.31,341.42,2.81,0
32.3,31.54,-2.82,9.96,-2.52,4.47,230.52,2.13,0
50.32,0.5,2.51,4.39,5.13,35.55,767.75,2.48,0
85.69,18.18,-3.32,10.48,-2.48,106.8,109.73,2.45,0
94.82,14.12,-2.0,4.94,-3.69,16.84,173.83,2.7,0
80.78,2.02,-0.84,9.24,2.0,10.08,168.28,2.78,0
83.74,16.49,-1.28,12.62,4.41,36.01,68.91,2.67,0
87.99,10.86,-0.84,8.44,4.62,19.49,247.58,2.68,0
86.4,11.05,-3.32,10.88,0.73,18.46,263.39,2.68,0
88.96,12.03,-0.72,8.38,4.56,19.97,221.2,2.68,0
79.54,28.5,-2.61,9.25,2.2,38.62,114.23,2.4,0
67.68,39.74,-2.1,14.95,3.66,16.48,164.33,2.42,0
8.69,11.73,-2.1,4.42,0.42,50.32,583.4,1.35,0
29.07,40.63,-2.45,5.7,-5.21,16.45,487.61,1.95,0
66.19,46.42,-3.61,9.41,-2.64,34.9,147.18,2.11,0
95.95,18.38,1.45,1.54,0.24,9.21,159.03,2.71,0
31.75,6.23,1.2,8.26,13.97,14.24,484.75,2.17,0
78.9,30.02,-3.66,9.32,-0.15,26.28,115.05,2.2,0
79.12,1.15,0.08,8.16,7.26,32.03,157.77,2.21,0
41.73,7.76,-2.36,14.16,-1.01,15.18,132.71,2.36,0
84.61,18.37,-1.76,9.43,3.94,42.65,113.79,2.49,0
44.96,0.67,0.96,1.39,2.54,-0.12,140.27,2.59,0
82.56,20.93,-0.84,12.38,6.44,51.82,110.85,2.29,0
97.2,23.94,-2.47,11.44,-3.63,28.88,55.91,2.71,0
85.89,31.17,-4.94,15.39,4.72,45.31,107.35,2.51,0
1.51,47.33,-1.33,3.87,-8.71,19.45,269.8,1.21,0
1.89,13.19,-2.05,4.32,0.74,123.43,5273.38,0.72,0
59.16,53.58,-3.31,6.83,-2.89,35.81,842.17,2.39,0
100.0,54.81,-3.8,10.11,-10.25,14.68,162.13,2.72,0
91.4,20.07,-3.47,11.55,10.95,147.48,94.11,2.69,0
88.52,14.18,-4.44,12.83,9.08,51.81,80.55,2.57,0
95.49,14.5,-1.73,6.05,-1.36,14.9,173.1,2.71,0
87.34,9.88,-0.96,8.5,4.74,15.49,146.54,2.68,0
62.29,0.09,2.63,0.21,-1.49,4.48,170.89,2.56,0
98.0,0.1,-1.67,0.21,-1.49,2.79,173.09,2.76,0
68.88,27.35,-1.99,14.49,1.56,104.91,71.05,2.43,0
79.02,29.26,-2.75,13.4,1.21,51.79,114.7,2.15,0
88.75,14.35,-0.97,8.63,4.08,17.63,187.2,2.69,0
76.86,0.62,-3.96,0.64,-0.59,2.4,166.99,2.64,0
66.11,45.5,-3.2,7.77,0.09,32.98,147.79,2.25,0
65.33,45.86,-2.71,7.57,1.12,32.09,149.13,2.41,0
66.61,45.68,-2.84,13.14,-1.79,32.88,991.31,2.56,0
55.61,50.46,-4.16,10.62,-7.17,31.86,880.09,2.48,0
94.7,11.62,-1.38,9.01,-5.31,4.86,164.74,2.71,0
48.12,12.19,-0.33,3.95,2.35,11.68,160.22,2.49,0
87.04,19.69,-1.59,10.53,2.03,103.21,116.86,2.44,0
57.35,44.83,0.21,3.52,0.49,4.21,106.44,1.9,0
10.63,2.21,-2.4,5.06,1.2,103.21,2473.71,1.34,0
65.58,8.12,-2.57,11.12,2.86,10.88,80.7,2.56,0
83.28,1.34,-4.42,11.44,0.65,24.43,116.68,2.66,0
65.51,18.18,-3.5,12.56,-2.35,57.24,106.09,2.55,0
86.93,18.56,-4.32,13.39,1.24,110.81,106.82,2.49,0
70.6,1.45,2.43,5.51,6.69,34.38,228.61,2.74,0
58.67,6.91,0.64,2.28,2.59,2.52,105.34,1.9,0
67.03,18.56,-2.64,12.48,2.93,25.8,89.47,2.57,0
21.88,0.78,-1.39,-2.94,-3.74,45.91,1566.09,1.65,0
74.24,3.34,1.1,1.73,0.44,7.56,168.52,2.63,0
87.21,52.16,-4.66,18.71,-5.04,19.56,158.56,2.68,0
34.8,10.12,-1.72,6.11,2.85,0.0,165.77,2.42,0
101.89,50.79,-3.69,12.48,-6.77,13.28,162.13,2.73,0
94.5,13.65,-0.13,7.37,-8.5,3.71,6095.17,2.84,0
86.69,6.31,-2.33,10.95,1.51,21.33,124.3,2.68,0
65.51,17.62,-3.5,12.5,-2.35,57.24,106.09,2.55,0
88.27,8.08,-2.28,10.99,1.51,23.31,124.3,2.68,0
96.0,0.8,-2.65,0.64,-0.59,9.16,159.12,2.85,0
66.76,45.68,-2.66,7.7,1.12,32.75,147.78,2.16,0
80.95,44.02,-2.45,15.48,1.55,17.29,160.53,2.65,0
33.17,8.33,-1.79,6.02,2.58,0.0,166.8,2.37,0
50.29,0.1,2.27,5.31,8.49,23.57,959.85,2.45,0
84.76,2.96,-1.68,8.87,4.4,20.83,115.97,2.67,0
85.54,18.18,-3.37,10.53,-2.46,103.21,106.78,2.39,0
95.53,15.79,-1.79,10.6,-1.91,12.27,172.05,2.71,0
49.1,2.6,0.56,7.09,5.26,20.22,142.72,2.5,0
97.02,21.48,-1.97,11.61,-0.92,47.19,58.78,2.71,0
91.41,23.72,-2.91,10.85,11.75,79.48,94.59,2.69,0
35.03,3.73,-0.9,4.05,0.18,90.57,1023.82,2.11,0
34.36,7.58,-0.35,8.15,9.69,15.27,408.22,2.24,0
49.59,12.9,-0.1,1.74,1.94,0.23,107.83,2.57,0
78.97,0.01,-4.47,11.13,-0.5,37.45,166.65,2.65,0
56.65,20.14,-1.93,8.81,1.02,2.94,187.83,2.54,0
73.26,38.93,-4.9,7.07,-8.38,28.32,158.17,2.44,0
93.49,45.56,-3.16,18.28,4.12,19.2,161.14,2.7,0
93.49,45.56,-3.16,18.28,4.12,19.2,161.14,2.7,0
66.97,18.49,-0.94,5.86,4.71,0.0,162.89,1.72,0
53.39,0.3,2.35,2.16,5.43,32.09,1160.99,2.51,0
56.07,2.18,-8.88,4.73,6.79,2.65,5546.7,2.54,0
86.34,22.92,-0.85,9.65,0.44,9.04,145.52,2.68,0
25.21,0.1,-0.28,3.36,0.91,65.03,774.48,2.03,0
72.79,10.32,-1.81,5.86,5.78,0.0,166.35,1.97,0
11.94,1.48,0.58,8.89,1.49,22.79,368.21,1.8,0
37.74,1.67,0.96,9.66,6.74,25.42,991.31,2.24,0
12.64,2.47,0.62,9.8,1.86,19.45,269.8,1.77,0
52.06,5.54,-8.88,6.72,5.06,2.65,5546.7,2.51,0
94.45,21.95,1.78,1.86,-1.61,10.16,159.56,2.7,0
87.96,19.98,-0.85,8.24,1.84,7.6,6587.38,2.72,0
35.03,3.25,-0.54,10.76,8.09,31.0,438.27,2.15,0
100.0,54.81,-3.8,10.11,-10.25,14.68,162.13,2.72,0
54.55,3.25,1.24,3.37,14.05,32.55,471.85,2.05,0
66.26,18.09,-0.84,3.52,7.21,0.04,160.74,2.3,0
34.11,4.04,1.17,3.01,4.58,29.12,948.96,2.23,0
104.26,54.11,-3.77,9.87,-10.33,13.67,162.51,2.73,0
85.8,3.55,-1.57,8.85,4.23,20.04,141.61,2.67,0
91.59,16.91,-3.44,16.89,1.09,55.29,64.71,2.69,0
91.95,17.51,-1.94,15.01,7.95,56.91,61.47,2.7,0
84.5,3.8,-3.4,10.64,-3.66,26.51,137.35,2.7,0
90.33,18.37,-3.55,11.53,10.94,84.32,76.82,2.65,0
107.69,39.51,-2.91,13.17,-2.08,11.95,168.0,2.75,0
52.82,21.96,-8.98,6.48,6.06,3.18,233.02,2.52,0
13.63,13.3,-2.34,4.25,-1.02,102.03,1042.36,1.55,0
56.79,52.86,-3.64,7.44,-4.72,34.97,145.59,2.17,0
83.13,14.64,0.35,1.2,-1.83,9.39,159.33,2.66,0
35.16,9.52,-1.69,6.04,2.85,0.0,166.1,2.43,0
99.59,53.25,-3.73,5.24,-5.64,13.3,159.86,2.72,0
99.59,53.25,-3.73,5.24,-5.64,13.3,159.86,2.72,0
13.23,57.36,-1.26,-2.05,-23.71,32.33,351.43,1.76,0
97.8,0.1,-1.66,0.21,-1.49,2.78,183.71,2.73,0
59.73,36.85,-2.85,10.69,-10.83,14.15,165.83,2.29,0
8.88,11.96,-1.94,5.33,-4.46,41.67,874.91,1.48,0
80.01,38.93,-5.43,15.76,-2.2,24.11,159.3,2.46,0
75.32,38.93,-4.69,7.44,-4.01,34.62,150.5,2.13,0
72.2,38.93,-3.57,7.67,-8.34,20.99,1286.43,2.61,0
61.09,0.1,1.44,0.21,-1.49,4.47,170.17,2.56,0
65.75,21.37,-1.84,8.82,-5.36,1.79,960.5,2.59,0
95.87,38.93,-5.57,15.83,-2.16,21.94,159.94,2.71,0
68.22,0.1,1.68,0.21,-1.49,4.17,170.52,2.6,0
76.09,33.88,-2.41,1.97,-6.7,9.43,170.64,2.63,0
90.68,19.33,-0.35,7.09,-8.63,10.99,356.91,2.82,0
71.45,41.58,-2.74,11.63,-0.16,22.58,1177.9,2.59,0
13.63,13.3,-2.34,4.25,-1.02,102.03,1042.36,1.55,0
96.3,0.09,0.24,0.64,-0.59,5.9,162.73,2.84,0
83.69,2.28,-3.46,10.57,-3.71,31.83,132.11,2.68,0
90.59,18.18,-5.39,14.86,5.37,46.94,65.6,2.69,0
77.11,0.1,1.02,1.3,2.54,0.41,97.8,0.77,0
57.26,3.72,1.31,2.3,-0.83,7.55,170.17,2.48,0
70.0,42.16,-2.73,11.73,-0.16,22.58,1177.9,2.59,0
70.87,42.16,-2.09,8.87,0.15,31.71,156.37,2.12,0
33.17,8.33,-1.79,6.02,2.58,0.0,166.8,2.37,0
59.52,51.31,-3.85,6.64,-3.94,35.27,149.14,2.25,0
63.83,51.31,-4.16,15.04,2.06,32.87,146.67,2.29,0
4.27,51.36,-1.86,3.58,-24.13,28.79,274.15,1.51,0
87.45,14.35,-3.04,10.69,-0.11,18.46,263.39,2.68,0
63.23,12.38,2.58,6.02,6.44,3.18,299.39,2.6,0
79.02,29.26,-2.75,13.4,1.21,51.79,114.7,2.15,0
90.44,29.07,-4.03,13.66,8.48,46.2,102.6,2.68,0
33.91,29.88,-1.79,6.64,-1.19,9.46,264.49,2.11,0
78.91,29.26,-2.63,9.17,2.21,40.58,113.33,2.3,0
17.06,1.01,-2.28,-0.46,-4.62,50.32,583.4,1.59,0
48.12,12.19,-0.33,3.95,2.35,11.68,160.22,2.49,0
94.57,14.54,1.07,2.74,-0.17,6.92,167.61,2.7,0
23.5,31.92,-2.61,10.05,-1.24,11.7,338.97,1.92,0
23.5,31.92,-2.61,10.05,-1.24,11.7,338.97,1.92,0
94.2,30.02,-5.05,15.35,4.75,50.56,99.71,2.7,0
37.95,5.53,-1.6,5.68,2.58,0.0,166.93,2.54,0
0.67,46.86,-2.82,7.21,-1.64,28.79,274.15,1.0,0
63.17,46.6,-2.62,7.53,1.19,32.98,147.79,2.41,0
64.64,46.77,-2.6,7.54,1.19,32.75,147.78,2.27,0
73.24,15.08,-9.14,11.37,3.93,3.03,279.3,2.67,0
27.48,16.09,-3.32,12.21,-1.84,20.43,241.45,2.05,0
27.48,16.09,-3.32,12.21,-1.84,20.43,241.45,2.05,0
65.76,24.23,-1.49,8.13,2.69,39.41,221.44,2.69,0
83.95,1.15,-4.44,11.44,0.65,35.41,119.17,2.67,0
80.26,26.03,-1.65,8.69,-3.32,51.48,150.2,2.79,0
